ID,Name,Address,Phone,Fax,Email,Website
1000000,1-3G34-2607,,,,,
1000001,1-3G0F-1521,,,,,
1000002,1-3G1M-1366,,,,,
1000003,1-3G1T-1576,,,,,
1000004,1-3G04-1466,,,,,
1000005,1-3G1T-1577,,,,,
1000006,1-3G1G-1361,,,,,
1000007,1-3G04-1467,,,,,
1000008,1-3FZD-1339,,,,,
1000009,1-3G2W-3522,,,,,
1000010,1-3G2W-3523,,,,,
1000011,1-3G2V-1711,,,,,
1000012,1-3G34-2529,,,,,
1000013,1-3G0B-3017,,,,,
1000014,1-3G2G-1381,,,,,
1000015,1-3G24-1513,,,,,
1000016,1-3G18-4669,,,,,
1000017,1-3G2W-3524,,,,,
1000018,1-3G04-1641,,,,,
1000019,1-3G24-1743,,,,,
1000020,1-3G0L-1534,,,,,
1000021,1-3G1M-1518,,,,,
1000022,1-3FZS-1593,,,,,
1000023,1-3G30-1620,,,,,
1000024,1-3G0Y-4671,,,,,
1000025,1-3G1P-4652,,,,,
1000026,1-3G22-4682,,,,,
1000027,1-3G27-3974,,,,,
1000028,1-3G12-4319,,,,,
1000029,1-3G0K-3452,,,,,
1000030,1-3G0E-4574,,,,,
1000031,1-3G0Y-4561,,,,,
1000032,1-3G0M-4632,,,,,
1000033,1-3G23-2391,,,,,
1000034,1-3G09-4139,,,,,
1000035,1-3G2S-4399,,,,,
1000036,1-3FZX-2039,,,,,
1000037,1-3G2H-2718,,,,,
1000038,1-3FZ7-1775,,,,,
1000039,1-3G1P-4609,,,,,
1000040,1-3G2I-4359,,,,,
1000041,1-3G0G-1594,,,,,
1000042,1-3G0G-1595,,,,,
1000043,1-3G20-4583,,,,,
1000044,1-3G1E-774,,,,,
1000045,1-3G12-630,,,,,
1000046,1-3FZZ-437,,,,,
1000047,1-3G2I-698,,,,,
1000048,1-3G2H-392,,,,,
1000049,1-3FZP-487,,,,,
1000050,1-3G38-6630,,,,,
1000051,1-3G2I-2432,,,,,
1000052,1-3G0F-5882,,,,,
1000053,1-3G1G-5779,,,,,
1000054,1-3G1Q-6374,,,,,
1000055,1-3G21-5991,,,,,
1000056,1-3G05-6047,,,,,
1000057,1-3G2T-6411,,,,,
1000058,1-3G21-5992,,,,,
1000059,1-3G01-3446,,,,,
1000060,1-3G28-5853,,,,,
1000061,1-3G10-5766,,,,,
1000062,1-3FZD-5726,,,,,
1000063,1-3G1N-5810,,,,,
1000064,1-3G2U-5818,,,,,
1000065,1-3G2E-5849,,,,,
1000066,1-3G1G-5629,,,,,
1000067,1-3G23-6122,,,,,
1000068,1-3G23-6123,,,,,
1000069,1-3G2L-6094,,,,,
1000070,1-3G38-2471,,,,,
1000071,1-3G2T-1967,,,,,
1000072,1-3G1P-2669,,,,,
1000073,1-3G22-2700,,,,,
1000074,1-3G2T-1968,,,,,
1000075,1-3FZJ-886,,,,,
1000076,1-3G0W-2862,,,,,
1000077,1-3G1E-2763,,,,,
1000078,1-3G1U-2722,,,,,
1000079,1-3G1B-5711,,,,,
1000080,1-3G1M-5692,,,,,
1000081,1-3FZJ-6108,,,,,
1000082,1-3G1T-5712,,,,,
1000083,1-3G1C-5549,,,,,
1000084,1-3G1G-5545,,,,,
1000085,1-3FZD-5640,,,,,
1000086,1-3G36-5687,,,,,
1000087,1-3G1B-5712,,,,,
1000088,1-3G2G-5566,,,,,
1000089,1-3G0F-5589,,,,,
1000090,1-3G1U-6793,,,,,
1000091,1-3FZR-5829,,,,,
1000092,1-3FZZ-6533,,,,,
1000093,1-3G34-5976,,,,,
1000094,1-3G1B-5620,,,,,
1000095,1-3G0F-5590,,,,,
1000096,1-3G2U-5642,,,,,
1000097,1-3G04-5840,,,,,
1000098,1-3G0V-5696,,,,,
1000099,1-3G1N-5882,,,,,
1000100,1-3FZ7-5694,,,,,
1000101,1-3G1M-5848,,,,,
1000102,1-3G1C-5598,,,,,
1000103,1-3G2H-6237,,,,,
1000104,1-3G22-6827,,,,,
1000105,1-3G0W-6845,,,,,
1000106,1-3G2H-6222,,,,,
1000107,1-3G0X-6827,,,,,
1000108,1-3G36-5545,,,,,
1000109,1-3FZK-6688,,,,,
1000110,1-3G19-6696,,,,,
1000111,1-3G09-6553,,,,,
1000112,1-3G23-5845,,,,,
1000113,1-3G0M-6697,,,,,
1000114,1-3G0K-6309,,,,,
1000115,1-3G01-3564,,,,,
1000116,1-3FZ7-5870,,,,,
1000117,1-3G1Q-6489,,,,,
1000118,1-3G35-6538,,,,,
1000119,1-3G0L-5869,,,,,
1000120,1-3FZF-6074,,,,,
1000121,1-3G35-6499,,,,,
1000122,1-3FZX-5985,,,,,
1000123,1-3G1P-2602,,,,,
1000124,1-3G0X-2670,,,,,
1000125,1-3G09-2267,,,,,
1000126,1-3G20-2729,,,,,
1000127,1-3G2M-2673,,,,,
1000128,1-3G09-2268,,,,,
1000129,1-3G2H-2637,,,,,
1000130,1-3G2S-8,,,,,
1000131,1-3G1C-1676,,,,,
1000132,1-3G2Z-2503,,,,,
1000133,1-3G2G-1643,,,,,
1000134,1-3G1Q-3594,,,,,
1000135,1-3FZF-2285,,,,,
1000136,1-3G0V-1662,,,,,
1000137,1-3G24-1773,,,,,
1000138,1-3G2H-2550,,,,,
1000139,1-3G1N-1731,,,,,
1000140,1-3G1C-1531,,,,,
1000141,1-3FZD-1385,,,,,
1000142,1-3G28-1502,,,,,
1000143,1-3G30-1634,,,,,
1000144,1-3G1M-1404,,,,,
1000145,1-3G1A-1498,,,,,
1000146,1-3G30-1635,,,,,
1000147,1-3G0G-1353,,,,,
1000148,1-3G21-1568,,,,,
1000149,1-3G0E-778,,,,,
1000150,1-3G1P-766,,,,,
1000151,1-3G0E-779,,,,,
1000152,1-3G2I-727,,,,,
1000153,1-3G0X-790,,,,,
1000154,1-3G1P-767,,,,,
1000155,1-3G27-688,,,,,
1000156,1-3FZP-516,,,,,
1000157,1-3FZK-760,,,,,
1000158,1-3G1C-1434,,,,,
1000159,1-3FZJ-2672,,,,,
1000160,1-3FZZ-3819,,,,,
1000161,1-3G18-4704,,,,,
1000162,1-3G2U-1574,,,,,
1000163,1-3FZR-2118,,,,,
1000164,1-3G1N-1470,,,,,
1000165,1-3FZA-3694,,,,,
1000166,1-3FZJ-2673,,,,,
1000167,1-3G1T-1457,,,,,
1000168,1-3FZZ-3725,,,,,
1000169,1-3G2W-3466,,,,,
1000170,1-3G2V-1666,,,,,
1000171,1-3G30-1458,,,,,
1000172,1-3G12-4336,,,,,
1000173,1-3FZA-3599,,,,,
1000174,1-3G12-4337,,,,,
1000175,1-3G23-2448,,,,,
1000176,1-3G2H-2495,,,,,
1000177,1-3FZF-2224,,,,,
1000178,1-3G28-1584,,,,,
1000179,1-3G04-1612,,,,,
1000180,1-3G1T-1723,,,,,
1000181,1-3G24-1621,,,,,
1000182,1-3G0W-4702,,,,,
1000183,1-3FZX-2067,,,,,
1000184,1-3G19-4705,,,,,
1000185,1-3G0V-1831,,,,,
1000186,1-3G0Y-4545,,,,,
1000187,1-3G0K-3437,,,,,
1000188,1-3G0Y-4546,,,,,
1000189,1-3G0B-2933,,,,,
1000190,1-3G2M-877,,,,,
1000191,1-3FZW-921,,,,,
1000192,1-3G09-716,,,,,
1000193,1-3G2M-878,,,,,
1000194,1-3G2H-2696,,,,,
1000195,1-3FZF-2413,,,,,
1000196,1-3G0M-4725,,,,,
1000197,1-3G05-2752,,,,,
1000198,1-3G01-995,,,,,
1000199,1-3G04-1761,,,,,
1000200,1-3G0O-1783,,,,,
1000201,1-3FZP-3148,,,,,
1000202,1-3G0W-782,,,,,
1000203,1-3G1O-700,,,,,
1000204,1-3G12-598,,,,,
1000205,1-3G0Y-757,,,,,
1000206,1-3G22-708,,,,,
1000207,1-3G27-624,,,,,
1000208,1-3G05-5512,,,,,
1000209,1-3G05-893,,,,,
1000210,1-3G0T-5128,,,,,
1000211,1-3FZX-5218,,,,,
1000212,1-3G27-6054,,,,,
1000213,1-3G0T-5129,,,,,
1000214,1-3G2Z-5475,,,,,
1000215,1-3G04-5205,,,,,
1000216,1-3G35-5934,,,,,
1000217,1-3G0T-5130,,,,,
1000218,1-3G35-5935,,,,,
1000219,1-3G0F-5108,,,,,
1000220,1-3FZ7-4959,,,,,
1000221,1-3G2U-5152,,,,,
1000222,1-3FZ7-4960,,,,,
1000223,1-3G1B-5139,,,,,
1000224,1-3G1C-4951,,,,,
1000225,1-3G28-5025,,,,,
1000226,1-3G0V-4955,,,,,
1000227,1-3G1T-5118,,,,,
1000228,1-3G0K-1583,,,,,
1000229,1-3G38-2220,,,,,
1000230,1-3G09-2078,,,,,
1000231,1-3G0Y-2445,,,,,
1000232,1-3G0B-1165,,,,,
1000233,1-3G0E-2442,,,,,
1000234,1-3G1O-2432,,,,,
1000235,1-3G0Y-2446,,,,,
1000236,1-3G12-2123,,,,,
1000237,1-3G1A-4891,,,,,
1000238,1-3G21-5076,,,,,
1000239,1-3G24-4917,,,,,
1000240,1-3FZR-5302,,,,,
1000241,1-3G24-4918,,,,,
1000242,1-3G1M-4934,,,,,
1000243,1-3G2G-4961,,,,,
1000244,1-3G2E-5083,,,,,
1000245,1-3G2E-5084,,,,,
1000246,1-3G0E-6465,,,,,
1000247,1-3G10-4922,,,,,
1000248,1-3G0K-5958,,,,,
1000249,1-3FZA-5948,,,,,
1000250,1-3FZ4-6393,,,,,
1000251,1-3FZR-5202,,,,,
1000252,1-3G0X-6471,,,,,
1000253,1-3G09-6295,,,,,
1000254,1-3G2U-4961,,,,,
1000255,1-3FZD-5057,,,,,
1000256,1-3G2H-5419,,,,,
1000257,1-3G30-5195,,,,,
1000258,1-3G2H-5420,,,,,
1000259,1-3G0F-5169,,,,,
1000260,1-3G0L-4894,,,,,
1000261,1-3G0M-6502,,,,,
1000262,1-3FZP-5921,,,,,
1000263,1-3G0Y-6537,,,,,
1000264,1-3G2F-6497,,,,,
1000265,1-3FZR-5144,,,,,
1000266,1-3FZK-6311,,,,,
1000267,1-3G30-4927,,,,,
1000268,1-3G19-6304,,,,,
1000269,1-3G23-5305,,,,,
1000270,1-3G1E-6349,,,,,
1000271,1-3G2S-6254,,,,,
1000272,1-3G1E-6350,,,,,
1000273,1-3G35-6038,,,,,
1000274,1-3G1E-6460,,,,,
1000275,1-3G2M-6527,,,,,
1000276,1-3G01-3142,,,,,
1000277,1-3G1G-5171,,,,,
1000278,1-3G1E-6424,,,,,
1000279,1-3G2M-6489,,,,,
1000280,1-3G1E-6425,,,,,
1000281,1-3G1U-2323,,,,,
1000282,1-3G2S-2325,,,,,
1000283,1-3G1P-2277,,,,,
1000284,1-3G05-934,,,,,
1000285,1-3G2Z-798,,,,,
1000286,1-3G38-2126,,,,,
1000287,1-3G38-4218,,,,,
1000288,1-3G35-18,,,,,
1000289,1-3G2I-4241,,,,,
1000290,1-3FZP-3064,,,,,
1000291,1-3G1G-1546,,,,,
1000292,1-3G0L-1552,,,,,
1000293,1-3FZ7-1639,,,,,
1000294,1-3G27-3794,,,,,
1000295,1-3G1N-1743,,,,,
1000296,1-3G1N-1744,,,,,
1000297,1-3G0O-1676,,,,,
1000298,1-3G2G-1524,,,,,
1000299,1-3G28-1514,,,,,
1000300,1-3G1N-1585,,,,,
1000301,1-3G0F-1583,,,,,
1000302,1-3FZR-2220,,,,,
1000303,1-3G1T-1631,,,,,
1000304,1-3G0O-1556,,,,,
1000305,1-3G28-1515,,,,,
1000306,1-3FZD-1395,,,,,
1000307,1-3G2M-810,,,,,
1000308,1-3G1Q-686,,,,,
1000309,1-3G2I-737,,,,,
1000310,1-3G2I-738,,,,,
1000311,1-3G27-697,,,,,
1000312,1-3G18-805,,,,,
1000313,1-3G0B-272,,,,,
1000314,1-3G0X-801,,,,,
1000315,1-3G22-761,,,,,
1000316,1-3FZR-2127,,,,,
1000317,1-3G30-1543,,,,,
1000318,1-3G2W-3567,,,,,
1000319,1-3FZJ-2690,,,,,
1000320,1-3G1B-1606,,,,,
1000321,1-3G23-2530,,,,,
1000322,1-3G09-4308,,,,,
1000323,1-3G1C-1444,,,,,
1000324,1-3G2U-1585,,,,,
1000325,1-3G36-1409,,,,,
1000326,1-3FZW-4614,,,,,
1000327,1-3G2E-1541,,,,,
1000328,1-3G2U-1497,,,,,
1000329,1-3FZJ-2592,,,,,
1000330,1-3G0B-2968,,,,,
1000331,1-3G2E-1542,,,,,
1000332,1-3FZZ-3734,,,,,
1000333,1-3G2U-1498,,,,,
1000334,1-3G30-1719,,,,,
1000335,1-3G04-1619,,,,,
1000336,1-3G21-1661,,,,,
1000337,1-3G04-1620,,,,,
1000338,1-3G1N-1676,,,,,
1000339,1-3G1N-1552,,,,,
1000340,1-3G22-4690,,,,,
1000341,1-3G2F-4676,,,,,
1000342,1-3G35-3625,,,,,
1000343,1-3G20-4650,,,,,
1000344,1-3G19-4593,,,,,
1000345,1-3G2V-1644,,,,,
1000346,1-3G18-4602,,,,,
1000347,1-3FZZ-3705,,,,,
1000348,1-3G0K-3388,,,,,
1000349,1-3G19-4532,,,,,
1000350,1-3FZA-3513,,,,,
1000351,1-3G2L-2159,,,,,
1000352,1-3G0O-1830,,,,,
1000353,1-3FZP-3190,,,,,
1000354,1-3G01-1032,,,,,
1000355,1-3G1P-4597,,,,,
1000356,1-3G2F-4579,,,,,
1000357,1-3G35-3548,,,,,
1000358,1-3G1Q-3681,,,,,
1000359,1-3G0G-1576,,,,,
1000360,1-3G0W-789,,,,,
1000361,1-3G0W-790,,,,,
1000362,1-3G20-721,,,,,
1000363,1-3G12-608,,,,,
1000364,1-3G0E-720,,,,,
1000365,1-3FZ4-743,,,,,
1000366,1-3G1C-4768,,,,,
1000367,1-3G2T-1550,,,,,
1000368,1-3G2H-5183,,,,,
1000369,1-3G0V-4723,,,,,
1000370,1-3G0O-4764,,,,,
1000371,1-3G0L-4714,,,,,
1000372,1-3FZS-4688,,,,,
1000373,1-3G1G-4764,,,,,
1000374,1-3G2H-5184,,,,,
1000375,1-3G38-5966,,,,,
1000376,1-3G28-4801,,,,,
1000377,1-3G2G-4682,,,,,
1000378,1-3FZS-4572,,,,,
1000379,1-3G04-4724,,,,,
1000380,1-3G0L-4570,,,,,
1000381,1-3G0O-4638,,,,,
1000382,1-3FZF-4888,,,,,
1000383,1-3G0V-4582,,,,,
1000384,1-3G2E-4805,,,,,
1000385,1-3FZ7-4583,,,,,
1000386,1-3G2M-2246,,,,,
1000387,1-3G2W-1380,,,,,
1000388,1-3G19-2239,,,,,
1000389,1-3FZW-2302,,,,,
1000390,1-3G0K-1452,,,,,
1000391,1-3G19-2240,,,,,
1000392,1-3G0E-2263,,,,,
1000393,1-3FZK-2212,,,,,
1000394,1-3G0B-1075,,,,,
1000395,1-3G10-4652,,,,,
1000396,1-3G2G-4600,,,,,
1000397,1-3G23-5196,,,,,
1000398,1-3G2E-4697,,,,,
1000399,1-3G2G-4601,,,,,
1000400,1-3FZR-4952,,,,,
1000401,1-3G2V-4850,,,,,
1000402,1-3G10-4653,,,,,
1000403,1-3FZA-5808,,,,,
1000404,1-3G1T-4554,,,,,
1000405,1-3G2E-4618,,,,,
1000406,1-3G23-5130,,,,,
1000407,1-3FZR-4860,,,,,
1000408,1-3G24-4514,,,,,
1000409,1-3FZJ-5162,,,,,
1000410,1-3G0E-6281,,,,,
1000411,1-3G0Y-6289,,,,,
1000412,1-3G1T-4555,,,,,
1000413,1-3G0L-4639,,,,,
1000414,1-3G24-4741,,,,,
1000415,1-3G2G-4751,,,,,
1000416,1-3G1C-4646,,,,,
1000417,1-3G30-4881,,,,,
1000418,1-3G1M-4633,,,,,
1000419,1-3G35-5843,,,,,
1000420,1-3G2F-6286,,,,,
1000421,1-3G35-5821,,,,,
1000422,1-3FZX-4992,,,,,
1000423,1-3G0K-5653,,,,,
1000424,1-3G2L-4953,,,,,
1000425,1-3G1U-6194,,,,,
1000426,1-3G1P-6144,,,,,
1000427,1-3G0M-6191,,,,,
1000428,1-3FZJ-5062,,,,,
1000429,1-3FZR-4761,,,,,
1000430,1-3G12-5964,,,,,
1000431,1-3G22-6251,,,,,
1000432,1-3G01-2911,,,,,
1000433,1-3G2I-6195,,,,,
1000434,1-3G22-6252,,,,,
1000435,1-3FZP-5572,,,,,
1000436,1-3FZ7-4787,,,,,
1000437,1-3G0G-4718,,,,,
1000438,1-3FZF-5113,,,,,
1000439,1-3G35-1488,,,,,
1000440,1-3G2F-2328,,,,,
1000441,1-3G2F-2329,,,,,
1000442,1-3G2H-862,,,,,
1000443,1-3G1U-2157,,,,,
1000444,1-3G22-2124,,,,,
1000445,1-3G2T-5740,,,,,
1000446,1-3G18-39,,,,,
1000447,1-3G0G-4618,,,,,
1000448,1-3G35-5649,,,,,
1000449,1-3G10-4869,,,,,
1000450,1-3G1C-4700,,,,,
1000451,1-3G21-4937,,,,,
1000452,1-3G1G-4744,,,,,
1000453,1-3G0V-4699,,,,,
1000454,1-3G35-5650,,,,,
1000455,1-3G10-4870,,,,,
1000456,1-3FZS-4551,,,,,
1000457,1-3G10-4734,,,,,
1000458,1-3G1C-4545,,,,,
1000459,1-3G1G-4605,,,,,
1000460,1-3G0O-4608,,,,,
1000461,1-3G24-4658,,,,,
1000462,1-3G21-4808,,,,,
1000463,1-3G0G-4508,,,,,
1000464,1-3FZ7-4558,,,,,
1000465,1-3FZA-1508,,,,,
1000466,1-3G1P-2164,,,,,
1000467,1-3G2M-2212,,,,,
1000468,1-3G1Q-1662,,,,,
1000469,1-3G0Y-2259,,,,,
1000470,1-3FZ4-2238,,,,,
1000471,1-3G35-1534,,,,,
1000472,1-3FZA-1509,,,,,
1000473,1-3G0B-1048,,,,,
1000474,1-3G2V-4817,,,,,
1000475,1-3G04-4627,,,,,
1000476,1-3G2U-4666,,,,,
1000477,1-3G1T-4621,,,,,
1000478,1-3FZA-5785,,,,,
1000479,1-3G2E-4671,,,,,
1000480,1-3G1M-4568,,,,,
1000481,1-3FZZ-5937,,,,,
1000482,1-3G2L-5078,,,,,
1000483,1-3G0X-6253,,,,,
1000484,1-3G24-4493,,,,,
1000485,1-3G2E-4600,,,,,
1000486,1-3FZW-6219,,,,,
1000487,1-3G0K-5697,,,,,
1000488,1-3G34-5182,,,,,
1000489,1-3G2U-4568,,,,,
1000490,1-3G0K-5698,,,,,
1000491,1-3FZJ-5130,,,,,
1000492,1-3G24-4728,,,,,
1000493,1-3FZS-4623,,,,,
1000494,1-3FZD-4658,,,,,
1000495,1-3G24-4729,,,,,
1000496,1-3G1N-4844,,,,,
1000497,1-3G0T-4567,,,,,
1000498,1-3G2I-6231,,,,,
1000499,1-3G0Y-6338,,,,,
1000500,1-3G01-2940,,,,,
1000501,1-3G19-6224,,,,,
1000502,1-3G0E-6234,,,,,
1000503,1-3G22-6191,,,,,
1000504,1-3FZJ-5108,,,,,
1000505,1-3G2U-4543,,,,,
1000506,1-3G1P-6107,,,,,
1000507,1-3FZ4-6100,,,,,
1000508,1-3G2V-4632,,,,,
1000509,1-3G1P-6108,,,,,
1000510,1-3G2M-6321,,,,,
1000511,1-3G27-5928,,,,,
1000512,1-3G2H-5280,,,,,
1000513,1-3FZP-5597,,,,,
1000514,1-3G2I-6150,,,,,
1000515,1-3G35-5735,,,,,
1000516,1-3G0L-4788,,,,,
1000517,1-3G1O-6210,,,,,
1000518,1-3G27-1712,,,,,
1000519,1-3G1U-2138,,,,,
1000520,1-3G0M-2179,,,,,
1000521,1-3G1U-2139,,,,,
1000522,1-3G0E-2176,,,,,
1000523,1-3G22-2114,,,,,
1000524,1-3G01-516,,,,,
1000525,1-3G1E-12,,,,,
1000526,1-3G1A-953,,,,,
1000527,1-3G27-3365,,,,,
1000528,1-3G0L-877,,,,,
1000529,1-3G2G-980,,,,,
1000530,1-3FZX-1251,,,,,
1000531,1-3G21-982,,,,,
1000532,1-3G05-2067,,,,,
1000533,1-3FZD-857,,,,,
1000534,1-3FZS-870,,,,,
1000535,1-3G0V-740,,,,,
1000536,1-3G10-884,,,,,
1000537,1-3G0B-2628,,,,,
1000538,1-3G0F-837,,,,,
1000539,1-3G0L-718,,,,,
1000540,1-3G1B-960,,,,,
1000541,1-3G34-2009,,,,,
1000542,1-3FZ7-765,,,,,
1000543,1-3G34-2010,,,,,
1000544,1-3G35-389,,,,,
1000545,1-3G38-428,,,,,
1000546,1-3G0E-449,,,,,
1000547,1-3G2W-203,,,,,
1000548,1-3G0E-450,,,,,
1000549,1-3G38-429,,,,,
1000550,1-3FZK-436,,,,,
1000551,1-3FZA-242,,,,,
1000552,1-3G12-347,,,,,
1000553,1-3G2W-3043,,,,,
1000554,1-3G10-786,,,,,
1000555,1-3G12-3998,,,,,
1000556,1-3G36-769,,,,,
1000557,1-3G0X-4310,,,,,
1000558,1-3G0F-734,,,,,
1000559,1-3G2W-3044,,,,,
1000560,1-3G12-3999,,,,,
1000561,1-3FZZ-3366,,,,,
1000562,1-3G2E-778,,,,,
1000563,1-3G0X-4217,,,,,
1000564,1-3G1T-748,,,,,
1000565,1-3FZW-4223,,,,,
1000566,1-3G1T-749,,,,,
1000567,1-3FZZ-3270,,,,,
1000568,1-3FZZ-3271,,,,,
1000569,1-3G23-1822,,,,,
1000570,1-3G1B-771,,,,,
1000571,1-3G21-934,,,,,
1000572,1-3G0O-978,,,,,
1000573,1-3G1G-794,,,,,
1000574,1-3G0T-895,,,,,
1000575,1-3G2E-1073,,,,,
1000576,1-3FZ7-752,,,,,
1000577,1-3G2Z-2076,,,,,
1000578,1-3G1U-4323,,,,,
1000579,1-3FZF-1871,,,,,
1000580,1-3FZW-4281,,,,,
1000581,1-3G19-4192,,,,,
1000582,1-3G2U-747,,,,,
1000583,1-3G0K-2946,,,,,
1000584,1-3FZJ-1932,,,,,
1000585,1-3FZA-322,,,,,
1000586,1-3G1U-513,,,,,
1000587,1-3G1U-514,,,,,
1000588,1-3G2L-73,,,,,
1000589,1-3G0M-4323,,,,,
1000590,1-3G2M-4286,,,,,
1000591,1-3G1P-4229,,,,,
1000592,1-3G2I-3962,,,,,
1000593,1-3FZD-942,,,,,
1000594,1-3G0W-4275,,,,,
1000595,1-3G0V-983,,,,,
1000596,1-3G2T-3220,,,,,
1000597,1-3FZX-128,,,,,
1000598,1-3G1P-382,,,,,
1000599,1-3G1O-400,,,,,
1000600,1-3G1E-443,,,,,
1000601,1-3FZW-441,,,,,
1000602,1-3G0X-390,,,,,
1000603,1-3FZ7-1001,,,,,
1000604,1-3G2M-411,,,,,
1000605,1-3G2S-4096,,,,,
1000606,1-3G04-1036,,,,,
1000607,1-3G2I-3910,,,,,
1000608,1-3G1C-1013,,,,,
1000609,1-3G01-509,,,,,
1000610,1-3FZS-974,,,,,
1000611,1-3FZD-926,,,,,
1000612,1-3G1Q-3209,,,,,
1000613,1-3G27-3445,,,,,
1000614,1-3FZS-810,,,,,
1000615,1-3G1T-1007,,,,,
1000616,1-3G1M-824,,,,,
1000617,1-3G1B-1050,,,,,
1000618,1-3FZX-1183,,,,,
1000619,1-3G0T-887,,,,,
1000620,1-3G04-880,,,,,
1000621,1-3FZF-1624,,,,,
1000622,1-3G0V-827,,,,,
1000623,1-3G1E-560,,,,,
1000624,1-3G18-540,,,,,
1000625,1-3FZA-315,,,,,
1000626,1-3G12-429,,,,,
1000627,1-3G2F-605,,,,,
1000628,1-3G0B-198,,,,,
1000629,1-3FZA-316,,,,,
1000630,1-3G1U-502,,,,,
1000631,1-3G20-521,,,,,
1000632,1-3G1N-836,,,,,
1000633,1-3G1N-837,,,,,
1000634,1-3FZD-696,,,,,
1000635,1-3G36-853,,,,,
1000636,1-3FZD-697,,,,,
1000637,1-3G0F-814,,,,,
1000638,1-3FZD-698,,,,,
1000639,1-3G2V-1148,,,,,
1000640,1-3G1A-790,,,,,
1000641,1-3G30-815,,,,,
1000642,1-3FZ4-4317,,,,,
1000643,1-3G2V-1047,,,,,
1000644,1-3G0F-725,,,,,
1000645,1-3G2V-1048,,,,,
1000646,1-3G0K-3071,,,,,
1000647,1-3G1A-701,,,,,
1000648,1-3G0F-726,,,,,
1000649,1-3G1A-702,,,,,
1000650,1-3G0G-817,,,,,
1000651,1-3G28-953,,,,,
1000652,1-3G2G-972,,,,,
1000653,1-3G2G-973,,,,,
1000654,1-3FZP-2506,,,,,
1000655,1-3G2L-1755,,,,,
1000656,1-3G2F-4354,,,,,
1000657,1-3G1Q-3339,,,,,
1000658,1-3G20-4293,,,,,
1000659,1-3G1E-4326,,,,,
1000660,1-3FZJ-1942,,,,,
1000661,1-3G1B-745,,,,,
1000662,1-3G23-1804,,,,,
1000663,1-3G09-3694,,,,,
1000664,1-3FZJ-1919,,,,,
1000665,1-3FZR-1340,,,,,
1000666,1-3G2M-4202,,,,,
1000667,1-3G1O-4146,,,,,
1000668,1-3G1Q-3303,,,,,
1000669,1-3FZW-4272,,,,,
1000670,1-3G01-601,,,,,
1000671,1-3G2S-4187,,,,,
1000672,1-3G2Z-2010,,,,,
1000673,1-3G1P-4228,,,,,
1000674,1-3FZP-2638,,,,,
1000675,1-3FZX-1390,,,,,
1000676,1-3G1Q-400,,,,,
1000677,1-3G0K-205,,,,,
1000678,1-3G22-430,,,,,
1000679,1-3G38-422,,,,,
1000680,1-3G12-332,,,,,
1000681,1-3FZA-235,,,,,
1000682,1-3G1E-4229,,,,,
1000683,1-3G19-393,,,,,
1000684,1-3G1M-941,,,,,
1000685,1-3G1A-1033,,,,,
1000686,1-3G05-2164,,,,,
1000687,1-3G2F-4238,,,,,
1000688,1-3G35-3041,,,,,
1000689,1-3G1A-1034,,,,,
1000690,1-3G2H-2060,,,,,
1000691,1-3G0W-4260,,,,,
1000692,1-3G2S-4097,,,,,
1000693,1-3G2V-1238,,,,,
1000694,1-3G28-903,,,,,
1000695,1-3FZ7-837,,,,,
1000696,1-3G1B-1051,,,,,
1000697,1-3G1A-892,,,,,
1000698,1-3G2G-929,,,,,
1000699,1-3G1G-785,,,,,
1000700,1-3G0O-973,,,,,
1000701,1-3FZS-811,,,,,
1000702,1-3G0E-537,,,,,
1000703,1-3G2I-505,,,,,
1000704,1-3G2L-63,,,,,
1000705,1-3G19-528,,,,,
1000706,1-3G0Y-558,,,,,
1000707,1-3G34-80,,,,,
1000708,1-3G0M-564,,,,,
1000709,1-3G2M-553,,,,,
1000710,1-3G2F-606,,,,,
1000711,1-3G2L-1744,,,,,
1000712,1-3G1A-791,,,,,
1000713,1-3G04-789,,,,,
1000714,1-3G0K-3166,,,,,
1000715,1-3G2L-1745,,,,,
1000716,1-3G1B-938,,,,,
1000717,1-3G36-854,,,,,
1000718,1-3FZS-705,,,,,
1000719,1-3G1T-924,,,,,
1000720,1-3FZA-3183,,,,,
1000721,1-3G10-779,,,,,
1000722,1-3G12-3990,,,,,
1000723,1-3G09-3807,,,,,
1000724,1-3G0B-2511,,,,,
1000725,1-3G1B-856,,,,,
1000726,1-3G1A-703,,,,,
1000727,1-3G2G-746,,,,,
1000728,1-3G2G-747,,,,,
1000729,1-3G2H-1976,,,,,
1000730,1-3G1C-923,,,,,
1000731,1-3G30-1047,,,,,
1000732,1-3G0L-871,,,,,
1000733,1-3FZX-1239,,,,,
1000734,1-3G30-901,,,,,
1000735,1-3G0X-4338,,,,,
1000736,1-3G2T-3323,,,,,
1000737,1-3G0O-1196,,,,,
1000738,1-3G2S-4200,,,,,
1000739,1-3G12-3874,,,,,
1000740,1-3G2V-954,,,,,
1000741,1-3FZZ-3243,,,,,
1000742,1-3G2V-955,,,,,
1000743,1-3FZK-4010,,,,,
1000744,1-3G12-3863,,,,,
1000745,1-3G0X-4171,,,,,
1000746,1-3G1P-4152,,,,,
1000747,1-3G2F-4320,,,,,
1000748,1-3G0G-975,,,,,
1000749,1-3G2H-2156,,,,,
1000750,1-3G1O-4245,,,,,
1000751,1-3FZF-1823,,,,,
1000752,1-3G1E-4267,,,,,
1000753,1-3G0V-1030,,,,,
1000754,1-3G2Z-2011,,,,,
1000755,1-3FZW-507,,,,,
1000756,1-3G2I-409,,,,,
1000757,1-3FZ4-437,,,,,
1000758,1-3G18-450,,,,,
1000759,1-3G35-383,,,,,
1000760,1-3G1P-439,,,,,
1000761,1-3G0V-978,,,,,
1000762,1-3G1E-441,,,,,
1000763,1-3G0W-4264,,,,,
1000764,1-3G2Z-1964,,,,,
1000765,1-3G1E-4217,,,,,
1000766,1-3G0L-959,,,,,
1000767,1-3FZX-1327,,,,,
1000768,1-3G38-3805,,,,,
1000769,1-3G2M-4233,,,,,
1000770,1-3FZP-2596,,,,,
1000771,1-3G1A-1039,,,,,
1000772,1-3G0F-922,,,,,
1000773,1-3G0V-829,,,,,
1000774,1-3G30-995,,,,,
1000775,1-3FZS-818,,,,,
1000776,1-3FZX-1192,,,,,
1000777,1-3G1G-792,,,,,
1000778,1-3G2H-1926,,,,,
1000779,1-3G30-996,,,,,
1000780,1-3G04-884,,,,,
1000781,1-3G2W-285,,,,,
1000782,1-3G0W-574,,,,,
1000783,1-3G0B-203,,,,,
1000784,1-3G0B-204,,,,,
1000785,1-3G09-438,,,,,
1000786,1-3G23-91,,,,,
1000787,1-3G12-436,,,,,
1000788,1-3FZZ-329,,,,,
1000789,1-3G1U-509,,,,,
1000790,1-3FZJ-2142,,,,,
1000791,1-3FZS-709,,,,,
1000792,1-3G28-801,,,,,
1000793,1-3G2E-969,,,,,
1000794,1-3G24-916,,,,,
1000795,1-3G21-842,,,,,
1000796,1-3G0B-2614,,,,,
1000797,1-3G10-870,,,,,
1000798,1-3FZD-704,,,,,
1000799,1-3FZZ-3361,,,,,
1000800,1-3G12-3993,,,,,
1000801,1-3G2V-1053,,,,,
1000802,1-3G2V-1054,,,,,
1000803,1-3G1N-747,,,,,
1000804,1-3G12-3994,,,,,
1000805,1-3G18-4323,,,,,
1000806,1-3G2G-748,,,,,
1000807,1-3G1A-706,,,,,
1000808,1-3G24-1049,,,,,
1000809,1-3G2H-1977,,,,,
1000810,1-3FZD-855,,,,,
1000811,1-3FZP-2509,,,,,
1000812,1-3G1Q-3118,,,,,
1000813,1-3G0F-830,,,,,
1000814,1-3G19-4334,,,,,
1000815,1-3G2F-4357,,,,,
1000816,1-3G2Z-2067,,,,,
1000817,1-3FZX-1446,,,,,
1000818,1-3G1B-747,,,,,
1000819,1-3G2L-1568,,,,,
1000820,1-3G0K-2959,,,,,
1000821,1-3FZ4-4220,,,,,
1000822,1-3G0X-4175,,,,,
1000823,1-3G2E-733,,,,,
1000824,1-3FZZ-3223,,,,,
1000825,1-3G19-4182,,,,,
1000826,1-3G0G-977,,,,,
1000827,1-3G0Y-4278,,,,,
1000828,1-3G2Z-2056,,,,,
1000829,1-3G1Q-3307,,,,,
1000830,1-3G2H-2117,,,,,
1000831,1-3FZD-977,,,,,
1000832,1-3G27-3490,,,,,
1000833,1-3G2M-4283,,,,,
1000834,1-3G0Y-476,,,,,
1000835,1-3FZ4-441,,,,,
1000836,1-3G1Q-403,,,,,
1000837,1-3FZ4-442,,,,,
1000838,1-3FZK-430,,,,,
1000839,1-3FZK-431,,,,,
1000840,1-3G0O-1113,,,,,
1000841,1-3G35-318,,,,,
1000842,1-3G2H-2061,,,,,
1000843,1-3G1G-918,,,,,
1000844,1-3G38-3804,,,,,
1000845,1-3G20-4204,,,,,
1000846,1-3G0O-1100,,,,,
1000847,1-3G01-510,,,,,
1000848,1-3G05-2166,,,,,
1000849,1-3G2F-4239,,,,,
1000850,1-3G0L-953,,,,,
1000851,1-3G2G-930,,,,,
1000852,1-3G36-964,,,,,
1000853,1-3G1C-877,,,,,
1000854,1-3FZ7-839,,,,,
1000855,1-3G2E-1063,,,,,
1000856,1-3G0F-913,,,,,
1000857,1-3G36-965,,,,,
1000858,1-3G10-959,,,,,
1000859,1-3G10-960,,,,,
1000860,1-3G0M-565,,,,,
1000861,1-3G0B-199,,,,,
1000862,1-3FZZ-323,,,,,
1000863,1-3FZJ-121,,,,,
1000864,1-3G0X-537,,,,,
1000865,1-3FZA-317,,,,,
1000866,1-3FZR-58,,,,,
1000867,1-3G1O-524,,,,,
1000868,1-3FZ4-516,,,,,
1000869,1-3G2U-949,,,,,
1000870,1-3G0L-703,,,,,
1000871,1-3FZJ-2134,,,,,
1000872,1-3G1G-693,,,,,
1000873,1-3G2L-1746,,,,,
1000874,1-3G0F-815,,,,,
1000875,1-3G21-836,,,,,
1000876,1-3G10-863,,,,,
1000877,1-3G23-1996,,,,,
1000878,1-3G2U-855,,,,,
1000879,1-3G2W-3030,,,,,
1000880,1-3G0E-4290,,,,,
1000881,1-3FZK-4138,,,,,
1000882,1-3G18-4318,,,,,
1000883,1-3G09-3809,,,,,
1000884,1-3G23-1914,,,,,
1000885,1-3G21-743,,,,,
1000886,1-3G0B-2512,,,,,
1000887,1-3G0G-818,,,,,
1000888,1-3G1G-828,,,,,
1000889,1-3G1A-947,,,,,
1000890,1-3G04-943,,,,,
1000891,1-3G0F-967,,,,,
1000892,1-3G24-925,,,,,
1000893,1-3G01-634,,,,,
1000894,1-3G35-3185,,,,,
1000895,1-3G1P-4275,,,,,
1000896,1-3G0M-4374,,,,,
1000897,1-3G22-4186,,,,,
1000898,1-3FZZ-3244,,,,,
1000899,1-3G12-3875,,,,,
1000900,1-3FZR-1363,,,,,
1000901,1-3G2V-935,,,,,
1000902,1-3G18-4193,,,,,
1000903,1-3FZ4-4189,,,,,
1000904,1-3G0E-4161,,,,,
1000905,1-3FZP-2678,,,,,
1000906,1-3G0V-1080,,,,,
1000907,1-3G0O-1185,,,,,
1000908,1-3G0O-1186,,,,,
1000909,1-3G1E-4269,,,,,
1000910,1-3G2I-3955,,,,,
1000911,1-3FZX-1391,,,,,
1000912,1-3G27-3487,,,,,
1000913,1-3G1O-448,,,,,
1000914,1-3G19-445,,,,,
1000915,1-3G0W-499,,,,,
1000916,1-3G38-423,,,,,
1000917,1-3FZP-325,,,,,
1000918,1-3G22-431,,,,,
1000919,1-3G2H-5235,,,,,
1000920,1-3G22-2092,,,,,
1000921,1-3G35-5668,,,,,
1000922,1-3G0O-4748,,,,,
1000923,1-3G10-4876,,,,,
1000924,1-3FZP-5482,,,,,
1000925,1-3G0L-4696,,,,,
1000926,1-3G2Z-5148,,,,,
1000927,1-3G2G-4813,,,,,
1000928,1-3G2Z-5149,,,,,
1000929,1-3G2Z-5150,,,,,
1000930,1-3G1A-4606,,,,,
1000931,1-3G24-4668,,,,,
1000932,1-3G10-4750,,,,,
1000933,1-3G1C-4559,,,,,
1000934,1-3G30-4804,,,,,
1000935,1-3G1C-4560,,,,,
1000936,1-3G1N-4772,,,,,
1000937,1-3G1G-4617,,,,,
1000938,1-3G2L-5200,,,,,
1000939,1-3G19-2231,,,,,
1000940,1-3G2M-2228,,,,,
1000941,1-3FZZ-1533,,,,,
1000942,1-3G2F-2385,,,,,
1000943,1-3G20-2299,,,,,
1000944,1-3G2S-2210,,,,,
1000945,1-3G0K-1443,,,,,
1000946,1-3G35-1547,,,,,
1000947,1-3G38-2040,,,,,
1000948,1-3G0K-5791,,,,,
1000949,1-3G1M-4578,,,,,
1000950,1-3G1A-4509,,,,,
1000951,1-3FZR-4939,,,,,
1000952,1-3G24-4578,,,,,
1000953,1-3FZD-4509,,,,,
1000954,1-3G2U-4678,,,,,
1000955,1-3G0T-4505,,,,,
1000956,1-3G30-4696,,,,,
1000957,1-3FZR-4848,,,,,
1000958,1-3G2W-5713,,,,,
1000959,1-3G09-6054,,,,,
1000960,1-3G12-6067,,,,,
1000961,1-3FZJ-5142,,,,,
1000962,1-3G36-4503,,,,,
1000963,1-3G0Y-6277,,,,,
1000964,1-3G0K-5712,,,,,
1000965,1-3FZA-5712,,,,,
1000966,1-3G0V-4646,,,,,
1000967,1-3G0O-4694,,,,,
1000968,1-3G2E-4868,,,,,
1000969,1-3G0T-4685,,,,,
1000970,1-3G1B-4868,,,,,
1000971,1-3G0F-4681,,,,,
1000972,1-3FZX-5024,,,,,
1000973,1-3G2M-6390,,,,,
1000974,1-3FZX-5010,,,,,
1000975,1-3FZX-5011,,,,,
1000976,1-3FZJ-5119,,,,,
1000977,1-3G2V-4709,,,,,
1000978,1-3G0M-6253,,,,,
1000979,1-3G1U-6219,,,,,
1000980,1-3G1E-6141,,,,,
1000981,1-3G0M-6187,,,,,
1000982,1-3G20-6130,,,,,
1000983,1-3G12-5955,,,,,
1000984,1-3FZS-4787,,,,,
1000985,1-3G1Q-5786,,,,,
1000986,1-3FZ7-4818,,,,,
1000987,1-3G0V-4825,,,,,
1000988,1-3FZF-5102,,,,,
1000989,1-3G1M-4880,,,,,
1000990,1-3G35-5746,,,,,
1000991,1-3G0T-4848,,,,,
1000992,1-3G0W-2276,,,,,
1000993,1-3G20-2224,,,,,
1000994,1-3G2F-2322,,,,,
1000995,1-3G2Z-740,,,,,
1000996,1-3G20-2225,,,,,
1000997,1-3G12-1908,,,,,
1000998,1-3FZS-983,,,,,
1000999,1-3G18-393,,,,,
1001000,1-3FZ7-979,,,,,
1001001,1-3G2S-4087,,,,,
1001002,1-3G1C-1004,,,,,
1001003,1-3G2I-3907,,,,,
1001004,1-3G0V-960,,,,,
1001005,1-3G0G-885,,,,,
1001006,1-3G0L-946,,,,,
1001007,1-3G0L-947,,,,,
1001008,1-3G38-3793,,,,,
1001009,1-3G0V-822,,,,,
1001010,1-3G1M-822,,,,,
1001011,1-3G2G-923,,,,,
1001012,1-3G24-997,,,,,
1001013,1-3G0O-965,,,,,
1001014,1-3G05-1990,,,,,
1001015,1-3FZ7-824,,,,,
1001016,1-3G2Z-1807,,,,,
1001017,1-3G2G-924,,,,,
1001018,1-3FZZ-316,,,,,
1001019,1-3FZJ-114,,,,,
1001020,1-3G2M-546,,,,,
1001021,1-3G1U-495,,,,,
1001022,1-3G23-82,,,,,
1001023,1-3G0M-549,,,,,
1001024,1-3G12-422,,,,,
1001025,1-3G0B-191,,,,,
1001026,1-3G0M-550,,,,,
1001027,1-3G2L-1740,,,,,
1001028,1-3G1M-709,,,,,
1001029,1-3G1T-915,,,,,
1001030,1-3G2G-822,,,,,
1001031,1-3G21-828,,,,,
1001032,1-3G1N-825,,,,,
1001033,1-3G2U-938,,,,,
1001034,1-3G2U-939,,,,,
1001035,1-3G1A-786,,,,,
1001036,1-3G1N-729,,,,,
1001037,1-3G30-799,,,,,
1001038,1-3FZJ-2029,,,,,
1001039,1-3FZA-3173,,,,,
1001040,1-3G30-800,,,,,
1001041,1-3G1T-819,,,,,
1001042,1-3G2W-3018,,,,,
1001043,1-3FZA-3174,,,,,
1001044,1-3G34-1898,,,,,
1001045,1-3G0L-862,,,,,
1001046,1-3G0O-1020,,,,,
1001047,1-3FZS-858,,,,,
1001048,1-3G2G-970,,,,,
1001049,1-3G2Z-1870,,,,,
1001050,1-3FZJ-2161,,,,,
1001051,1-3G2T-3322,,,,,
1001052,1-3G2M-4364,,,,,
1001053,1-3G22-4289,,,,,
1001054,1-3G2Z-2061,,,,,
1001055,1-3G2M-4218,,,,,
1001056,1-3G1B-735,,,,,
1001057,1-3FZJ-1933,,,,,
1001058,1-3G1B-736,,,,,
1001059,1-3G2W-2915,,,,,
1001060,1-3FZR-1336,,,,,
1001061,1-3G2U-730,,,,,
1001062,1-3G34-1788,,,,,
1001063,1-3G20-4282,,,,,
1001064,1-3G2F-4317,,,,,
1001065,1-3G2M-4319,,,,,
1001066,1-3G1U-4299,,,,,
1001067,1-3G1M-980,,,,,
1001068,1-3FZP-2633,,,,,
1001069,1-3G1E-4262,,,,,
1001070,1-3G2Z-2004,,,,,
1001071,1-3G20-420,,,,,
1001072,1-3G09-334,,,,,
1001073,1-3G1Q-394,,,,,
1001074,1-3G0M-471,,,,,
1001075,1-3FZZ-242,,,,,
1001076,1-3FZZ-243,,,,,
1001077,1-3G38-4223,,,,,
1001078,1-3G1U-682,,,,,
1001079,1-3G05-2688,,,,,
1001080,1-3G0V-1723,,,,,
1001081,1-3G2I-4305,,,,,
1001082,1-3FZD-1588,,,,,
1001083,1-3G2F-4550,,,,,
1001084,1-3G20-4536,,,,,
1001085,1-3G1G-1607,,,,,
1001086,1-3G0W-4584,,,,,
1001087,1-3G35-3526,,,,,
1001088,1-3G04-1596,,,,,
1001089,1-3FZ7-1571,,,,,
1001090,1-3FZS-1551,,,,,
1001091,1-3G1C-1604,,,,,
1001092,1-3FZ7-1572,,,,,
1001093,1-3FZ7-1573,,,,,
1001094,1-3G1B-1759,,,,,
1001095,1-3G1G-1476,,,,,
1001096,1-3G04-1597,,,,,
1001097,1-3FZ4-874,,,,,
1001098,1-3FZA-552,,,,,
1001099,1-3G19-844,,,,,
1001100,1-3FZ4-875,,,,,
1001101,1-3G1P-832,,,,,
1001102,1-3G0X-853,,,,,
1001103,1-3G0W-933,,,,,
1001104,1-3G2W-492,,,,,
1001105,1-3G2L-122,,,,,
1001106,1-3G1T-1591,,,,,
1001107,1-3G1A-1467,,,,,
1001108,1-3G1A-1468,,,,,
1001109,1-3G2G-1493,,,,,
1001110,1-3G1N-1539,,,,,
1001111,1-3G36-1572,,,,,
1001112,1-3G0K-3624,,,,,
1001113,1-3G2E-1680,,,,,
1001114,1-3G0G-1322,,,,,
1001115,1-3G12-4406,,,,,
1001116,1-3G21-1441,,,,,
1001117,1-3FZK-4535,,,,,
1001118,1-3G2V-1739,,,,,
1001119,1-3G2W-3541,,,,,
1001120,1-3G18-4689,,,,,
1001121,1-3G2L-2316,,,,,
1001122,1-3G2G-1404,,,,,
1001123,1-3FZK-4536,,,,,
1001124,1-3G1M-1530,,,,,
1001125,1-3G10-1706,,,,,
1001126,1-3G0V-1642,,,,,
1001127,1-3G0V-1643,,,,,
1001128,1-3G0F-1698,,,,,
1001129,1-3G0V-1501,,,,,
1001130,1-3FZX-2079,,,,,
1001131,1-3FZF-2469,,,,,
1001132,1-3G2S-4537,,,,,
1001133,1-3G0V-1828,,,,,
1001134,1-3FZK-4423,,,,,
1001135,1-3G1T-1421,,,,,
1001136,1-3G23-2417,,,,,
1001137,1-3G18-4591,,,,,
1001138,1-3G0E-4543,,,,,
1001139,1-3G2V-1619,,,,,
1001140,1-3G34-2419,,,,,
1001141,1-3G2L-2187,,,,,
1001142,1-3G05-2780,,,,,
1001143,1-3G2F-4643,,,,,
1001144,1-3G05-2781,,,,,
1001145,1-3G2F-4644,,,,,
1001146,1-3G27-3911,,,,,
1001147,1-3G19-4643,,,,,
1001148,1-3FZP-3175,,,,,
1001149,1-3FZ7-1742,,,,,
1001150,1-3G1E-789,,,,,
1001151,1-3G0M-797,,,,,
1001152,1-3G2F-813,,,,,
1001153,1-3G2S-700,,,,,
1001154,1-3G1E-790,,,,,
1001155,1-3FZ4-784,,,,,
1001156,1-3G0W-4268,,,,,
1001157,1-3G0W-436,,,,,
1001158,1-3G1E-4201,,,,,
1001159,1-3G2I-3893,,,,,
1001160,1-3G0W-4248,,,,,
1001161,1-3FZP-2565,,,,,
1001162,1-3G05-2141,,,,,
1001163,1-3G1Q-3179,,,,,
1001164,1-3G2T-3185,,,,,
1001165,1-3G2T-3186,,,,,
1001166,1-3G0L-935,,,,,
1001167,1-3G36-937,,,,,
1001168,1-3G0T-871,,,,,
1001169,1-3FZS-785,,,,,
1001170,1-3FZD-775,,,,,
1001171,1-3G0O-959,,,,,
1001172,1-3G30-977,,,,,
1001173,1-3G2Z-1793,,,,,
1001174,1-3G0V-804,,,,,
1001175,1-3G1B-1028,,,,,
1001176,1-3G1E-538,,,,,
1001177,1-3G1U-486,,,,,
1001178,1-3FZZ-302,,,,,
1001179,1-3G20-494,,,,,
1001180,1-3G2F-581,,,,,
1001181,1-3G1P-513,,,,,
1001182,1-3G18-518,,,,,
1001183,1-3G12-403,,,,,
1001184,1-3G18-519,,,,,
1001185,1-3G2E-951,,,,,
1001186,1-3G30-871,,,,,
1001187,1-3G0T-773,,,,,
1001188,1-3G21-811,,,,,
1001189,1-3FZA-3252,,,,,
1001190,1-3G0K-3147,,,,,
1001191,1-3G0L-686,,,,,
1001192,1-3G36-830,,,,,
1001193,1-3G1T-893,,,,,
1001194,1-3G28-701,,,,,
1001195,1-3G09-3787,,,,,
1001196,1-3G2V-1030,,,,,
1001197,1-3FZ4-4298,,,,,
1001198,1-3G0F-707,,,,,
1001199,1-3G0E-4267,,,,,
1001200,1-3G36-746,,,,,
1001201,1-3G0B-2486,,,,,
1001202,1-3G34-1890,,,,,
1001203,1-3G0L-851,,,,,
1001204,1-3G05-2051,,,,,
1001205,1-3FZP-2502,,,,,
1001206,1-3FZ7-887,,,,,
1001207,1-3G0O-1010,,,,,
1001208,1-3G23-2008,,,,,
1001209,1-3G2Z-2088,,,,,
1001210,1-3G1Q-3332,,,,,
1001211,1-3G0V-1081,,,,,
1001212,1-3FZX-1434,,,,,
1001213,1-3FZK-4018,,,,,
1001214,1-3G1U-4204,,,,,
1001215,1-3FZZ-3227,,,,,
1001216,1-3FZJ-1924,,,,,
1001217,1-3G1E-4186,,,,,
1001218,1-3G23-1778,,,,,
1001219,1-3G0E-4151,,,,,
1001220,1-3G0X-4156,,,,,
1001221,1-3G1U-4295,,,,,
1001222,1-3G1E-4305,,,,,
1001223,1-3G0V-1070,,,,,
1001224,1-3FZF-1853,,,,,
1001225,1-3G0W-4288,,,,,
1001226,1-3G0V-1011,,,,,
1001227,1-3G1P-4219,,,,,
1001228,1-3FZX-1378,,,,,
1001229,1-3G12-316,,,,,
1001230,1-3FZW-486,,,,,
1001231,1-3G2I-399,,,,,
1001232,1-3G20-413,,,,,
1001233,1-3G0M-459,,,,,
1001234,1-3G27-402,,,,,
1001235,1-3G38-3812,,,,,
1001236,1-3G1E-440,,,,,
1001237,1-3G0W-4261,,,,,
1001238,1-3G0T-1034,,,,,
1001239,1-3FZP-2591,,,,,
1001240,1-3G35-3044,,,,,
1001241,1-3G1A-1035,,,,,
1001242,1-3FZP-2592,,,,,
1001243,1-3FZ7-990,,,,,
1001244,1-3G2T-3207,,,,,
1001245,1-3G2Z-1957,,,,,
1001246,1-3G21-922,,,,,
1001247,1-3G2U-1022,,,,,
1001248,1-3G1G-787,,,,,
1001249,1-3G0O-975,,,,,
1001250,1-3FZX-1186,,,,,
1001251,1-3G21-923,,,,,
1001252,1-3G2E-1064,,,,,
1001253,1-3G05-2006,,,,,
1001254,1-3G30-993,,,,,
1001255,1-3FZZ-324,,,,,
1001256,1-3FZA-318,,,,,
1001257,1-3G23-89,,,,,
1001258,1-3G2S-486,,,,,
1001259,1-3G22-519,,,,,
1001260,1-3FZZ-325,,,,,
1001261,1-3FZR-61,,,,,
1001262,1-3G2F-607,,,,,
1001263,1-3G1U-505,,,,,
1001264,1-3G28-798,,,,,
1001265,1-3G34-1987,,,,,
1001266,1-3G0B-2610,,,,,
1001267,1-3G0L-704,,,,,
1001268,1-3G1G-695,,,,,
1001269,1-3G1N-839,,,,,
1001270,1-3G24-915,,,,,
1001271,1-3G1T-926,,,,,
1001272,1-3G0T-795,,,,,
1001273,1-3G2V-1049,,,,,
1001274,1-3G1T-829,,,,,
1001275,1-3G0F-727,,,,,
1001276,1-3G2W-3033,,,,,
1001277,1-3G1A-704,,,,,
1001278,1-3G18-4320,,,,,
1001279,1-3FZJ-2039,,,,,
1001280,1-3G2L-1666,,,,,
1001281,1-3G2L-1667,,,,,
1001282,1-3G27-3360,,,,,
1001283,1-3G2T-3130,,,,,
1001284,1-3G1C-924,,,,,
1001285,1-3G36-1003,,,,,
1001286,1-3G30-1048,,,,,
1001287,1-3G2L-1756,,,,,
1001288,1-3G2S-4228,,,,,
1001289,1-3G2F-4355,,,,,
1001290,1-3G0W-4349,,,,,
1001291,1-3G0M-4375,,,,,
1001292,1-3FZK-4032,,,,,
1001293,1-3FZ4-4218,,,,,
1001294,1-3FZK-4033,,,,,
1001295,1-3G2W-2933,,,,,
1001296,1-3G0Y-4164,,,,,
1001297,1-3G2E-729,,,,,
1001298,1-3G34-1793,,,,,
1001299,1-3G2M-4204,,,,,
1001300,1-3G05-2243,,,,,
1001301,1-3FZX-1430,,,,,
1001302,1-3G2M-4321,,,,,
1001303,1-3G20-4285,,,,,
1001304,1-3FZF-1824,,,,,
1001305,1-3G2S-4149,,,,,
1001306,1-3G1M-982,,,,,
1001307,1-3FZD-974,,,,,
1001308,1-3G22-432,,,,,
1001309,1-3G19-447,,,,,
1001310,1-3G20-428,,,,,
1001311,1-3G35-384,,,,,
1001312,1-3G1U-430,,,,,
1001313,1-3G09-346,,,,,
1001314,1-3G04-1052,,,,,
1001315,1-3G2Z-170,,,,,
1001316,1-3G2M-4228,,,,,
1001317,1-3G0W-4262,,,,,
1001318,1-3G01-512,,,,,
1001319,1-3FZX-1324,,,,,
1001320,1-3G2S-4098,,,,,
1001321,1-3G20-4205,,,,,
1001322,1-3G2I-3912,,,,,
1001323,1-3G2M-4229,,,,,
1001324,1-3G2H-2062,,,,,
1001325,1-3G2G-931,,,,,
1001326,1-3G0T-888,,,,,
1001327,1-3G10-961,,,,,
1001328,1-3G2G-932,,,,,
1001329,1-3FZ7-840,,,,,
1001330,1-3G36-967,,,,,
1001331,1-3G1N-932,,,,,
1001332,1-3G1G-788,,,,,
1001333,1-3G0T-889,,,,,
1001334,1-3FZK-520,,,,,
1001335,1-3G0W-571,,,,,
1001336,1-3G1E-561,,,,,
1001337,1-3G18-541,,,,,
1001338,1-3G0B-200,,,,,
1001339,1-3G18-542,,,,,
1001340,1-3G1P-533,,,,,
1001341,1-3G19-529,,,,,
1001342,1-3G09-436,,,,,
1001343,1-3G2L-1747,,,,,
1001344,1-3G0K-3168,,,,,
1001345,1-3G1C-770,,,,,
1001346,1-3G34-1988,,,,,
1001347,1-3FZ7-746,,,,,
1001348,1-3G28-799,,,,,
1001349,1-3G36-856,,,,,
1001350,1-3G21-839,,,,,
1001351,1-3G23-1998,,,,,
1001352,1-3G2L-1668,,,,,
1001353,1-3G0F-728,,,,,
1001354,1-3FZZ-3357,,,,,
1001355,1-3G36-764,,,,,
1001356,1-3G1N-741,,,,,
1001357,1-3G0F-729,,,,,
1001358,1-3G36-765,,,,,
1001359,1-3G28-716,,,,,
1001360,1-3G0E-4292,,,,,
1001361,1-3FZD-854,,,,,
1001362,1-3FZX-1241,,,,,
1001363,1-3G36-1004,,,,,
1001364,1-3FZX-1242,,,,,
1001365,1-3G27-3361,,,,,
1001366,1-3G1A-807,,,,,
1001367,1-3G22-4325,,,,,
1001368,1-3FZP-2720,,,,,
1001369,1-3FZX-1444,,,,,
1001370,1-3G0Y-4289,,,,,
1001371,1-3G1O-4160,,,,,
1001372,1-3FZW-4192,,,,,
1001373,1-3G12-3878,,,,,
1001374,1-3G2M-4227,,,,,
1001375,1-3FZK-4011,,,,,
1001376,1-3FZR-1341,,,,,
1001377,1-3G2E-730,,,,,
1001378,1-3G12-3865,,,,,
1001379,1-3FZS-1089,,,,,
1001380,1-3G05-2244,,,,,
1001381,1-3G05-2245,,,,,
1001382,1-3G2F-4321,,,,,
1001383,1-3G1G-960,,,,,
1001384,1-3G2T-3249,,,,,
1001385,1-3G0L-1002,,,,,
1001386,1-3G1M-983,,,,,
1001387,1-3G0M-479,,,,,
1001388,1-3G2M-473,,,,,
1001389,1-3G2W-196,,,,,
1001390,1-3G0E-445,,,,,
1001391,1-3G27-412,,,,,
1001392,1-3FZA-236,,,,,
1001393,1-3FZ7-1705,,,,,
1001394,1-3G2I-19,,,,,
1001395,1-3G1G-1540,,,,,
1001396,1-3G01-898,,,,,
1001397,1-3FZF-2288,,,,,
1001398,1-3G1C-1678,,,,,
1001399,1-3G01-899,,,,,
1001400,1-3G0O-1670,,,,,
1001401,1-3FZ7-1630,,,,,
1001402,1-3G2G-1646,,,,,
1001403,1-3G1N-1733,,,,,
1001404,1-3G0F-1577,,,,,
1001405,1-3G1A-1502,,,,,
1001406,1-3G2V-1863,,,,,
1001407,1-3G2V-1864,,,,,
1001408,1-3G1G-1412,,,,,
1001409,1-3G1T-1622,,,,,
1001410,1-3G0G-1354,,,,,
1001411,1-3G2V-1865,,,,,
1001412,1-3G23-2617,,,,,
1001413,1-3G2S-714,,,,,
1001414,1-3G18-794,,,,,
1001415,1-3FZA-459,,,,,
1001416,1-3G27-689,,,,,
1001417,1-3G0X-792,,,,,
1001418,1-3G09-646,,,,,
1001419,1-3G35-620,,,,,
1001420,1-3FZ4-805,,,,,
1001421,1-3G1E-805,,,,,
1001422,1-3FZJ-2675,,,,,
1001423,1-3FZ4-4728,,,,,
1001424,1-3FZ4-4729,,,,,
1001425,1-3G09-4301,,,,,
1001426,1-3G2U-1575,,,,,
1001427,1-3G36-1485,,,,,
1001428,1-3G1C-1437,,,,,
1001429,1-3G2V-1756,,,,,
1001430,1-3G1N-1471,,,,,
1001431,1-3FZR-2030,,,,,
1001432,1-3G0M-4701,,,,,
1001433,1-3FZZ-3726,,,,,
1001434,1-3FZW-4606,,,,,
1001435,1-3G0M-4702,,,,,
1001436,1-3G2E-1531,,,,,
1001437,1-3G23-2449,,,,,
1001438,1-3G0E-4593,,,,,
1001439,1-3FZR-2031,,,,,
1001440,1-3G2G-1593,,,,,
1001441,1-3G1N-1674,,,,,
1001442,1-3G0O-1620,,,,,
1001443,1-3G2H-2497,,,,,
1001444,1-3G2Z-2446,,,,,
1001445,1-3G2G-1498,,,,,
1001446,1-3G1Q-3777,,,,,
1001447,1-3G0E-4683,,,,,
1001448,1-3G1Q-3767,,,,,
1001449,1-3FZS-1806,,,,,
1001450,1-3G19-4588,,,,,
1001451,1-3FZA-3566,,,,,
1001452,1-3FZA-3567,,,,,
1001453,1-3FZZ-3696,,,,,
1001454,1-3FZR-108,,,,,
1001455,1-3FZR-109,,,,,
1001456,1-3G0B-347,,,,,
1001457,1-3G2V-43,,,,,
1001458,1-3G05-2753,,,,,
1001459,1-3G20-4598,,,,,
1001460,1-3G05-2754,,,,,
1001461,1-3G2F-4614,,,,,
1001462,1-3G38-4230,,,,,
1001463,1-3G0L-1629,,,,,
1001464,1-3FZF-2372,,,,,
1001465,1-3G2I-4336,,,,,
1001466,1-3G0M-742,,,,,
1001467,1-3G0X-726,,,,,
1001468,1-3G2M-746,,,,,
1001469,1-3G0X-727,,,,,
1001470,1-3G05-337,,,,,
1001471,1-3G1Q-608,,,,,
1001472,1-3G0O-1770,,,,,
1001473,1-3G2F-765,,,,,
1001474,1-3G04-1719,,,,,
1001475,1-3G1C-1715,,,,,
1001476,1-3FZP-3095,,,,,
1001477,1-3G2H-2598,,,,,
1001478,1-3FZD-1556,,,,,
1001479,1-3G05-2658,,,,,
1001480,1-3G2H-2599,,,,,
1001481,1-3G2T-3608,,,,,
1001482,1-3G28-1677,,,,,
1001483,1-3G0V-1551,,,,,
1001484,1-3G1A-1543,,,,,
1001485,1-3FZR-2248,,,,,
1001486,1-3G0V-1552,,,,,
1001487,1-3G1M-1445,,,,,
1001488,1-3G2U-1733,,,,,
1001489,1-3G30-1674,,,,,
1001490,1-3G24-1674,,,,,
1001491,1-3G0V-1553,,,,,
1001492,1-3FZJ-170,,,,,
1001493,1-3G22-797,,,,,
1001494,1-3G22-798,,,,,
1001495,1-3G2W-468,,,,,
1001496,1-3FZA-504,,,,,
1001497,1-3G1P-800,,,,,
1001498,1-3G12-695,,,,,
1001499,1-3G2I-767,,,,,
1001500,1-3G0W-902,,,,,
1001501,1-3G24-1588,,,,,
1001502,1-3G1N-1509,,,,,
1001503,1-3FZD-1331,,,,,
1001504,1-3G2W-3604,,,,,
1001505,1-3G2V-1795,,,,,
1001506,1-3G1C-1474,,,,,
1001507,1-3G24-1589,,,,,
1001508,1-3G23-2557,,,,,
1001509,1-3G2U-1611,,,,,
1001510,1-3G0K-3508,,,,,
1001511,1-3G2G-1368,,,,,
1001512,1-3FZ4-4682,,,,,
1001513,1-3G0Y-4608,,,,,
1001514,1-3G1N-1423,,,,,
1001515,1-3G1U-4668,,,,,
1001516,1-3G0Y-4609,,,,,
1001517,1-3FZA-3651,,,,,
1001518,1-3G2V-1702,,,,,
1001519,1-3FZS-1586,,,,,
1001520,1-3G2E-1812,,,,,
1001521,1-3G1C-1645,,,,,
1001522,1-3G2H-2512,,,,,
1001523,1-3FZX-1843,,,,,
1001524,1-3G0L-1421,,,,,
1001525,1-3G0E-4690,,,,,
1001526,1-3G18-4718,,,,,
1001527,1-3G20-4647,,,,,
1001528,1-3G22-4678,,,,,
1001529,1-3G19-4581,,,,,
1001530,1-3FZR-2006,,,,,
1001531,1-3G09-4171,,,,,
1001532,1-3G0K-3435,,,,,
1001533,1-3G0W-4543,,,,,
1001534,1-3G12-4273,,,,,
1001535,1-3G19-4549,,,,,
1001536,1-3G0K-3398,,,,,
1001537,1-3G2F-4629,,,,,
1001538,1-3G0G-1628,,,,,
1001539,1-3FZX-2033,,,,,
1001540,1-3G27-3934,,,,,
1001541,1-3G01-1006,,,,,
1001542,1-3G2Z-2613,,,,,
1001543,1-3G0W-4617,,,,,
1001544,1-3G0O-1804,,,,,
1001545,1-3G1E-769,,,,,
1001546,1-3FZW-808,,,,,
1001547,1-3G2Z-305,,,,,
1001548,1-3G38-707,,,,,
1001549,1-3FZK-725,,,,,
1001550,1-3FZK-726,,,,,
1001551,1-3G0L-964,,,,,
1001552,1-3G1P-376,,,,,
1001553,1-3G1G-861,,,,,
1001554,1-3G0T-982,,,,,
1001555,1-3G21-1005,,,,,
1001556,1-3G2H-2017,,,,,
1001557,1-3G2G-999,,,,,
1001558,1-3G0O-1044,,,,,
1001559,1-3G0O-1045,,,,,
1001560,1-3G35-2990,,,,,
1001561,1-3FZS-899,,,,,
1001562,1-3G0G-717,,,,,
1001563,1-3G36-902,,,,,
1001564,1-3G1T-958,,,,,
1001565,1-3FZ7-786,,,,,
1001566,1-3G28-838,,,,,
1001567,1-3G1C-815,,,,,
1001568,1-3G10-908,,,,,
1001569,1-3G2V-1190,,,,,
1001570,1-3G2E-1005,,,,,
1001571,1-3G20-465,,,,,
1001572,1-3G1E-512,,,,,
1001573,1-3G1Q-429,,,,,
1001574,1-3G1P-471,,,,,
1001575,1-3G20-466,,,,,
1001576,1-3G1U-459,,,,,
1001577,1-3G20-467,,,,,
1001578,1-3G2I-445,,,,,
1001579,1-3G0K-242,,,,,
1001580,1-3FZR-1496,,,,,
1001581,1-3G36-799,,,,,
1001582,1-3G09-3845,,,,,
1001583,1-3G21-777,,,,,
1001584,1-3G0K-3106,,,,,
1001585,1-3G23-1942,,,,,
1001586,1-3G2W-3077,,,,,
1001587,1-3FZZ-3385,,,,,
1001588,1-3G1C-720,,,,,
1001589,1-3G2W-2980,,,,,
1001590,1-3G1N-689,,,,,
1001591,1-3FZW-4241,,,,,
1001592,1-3FZZ-3294,,,,,
1001593,1-3G1B-795,,,,,
1001594,1-3G1T-771,,,,,
1001595,1-3FZA-3133,,,,,
1001596,1-3G30-753,,,,,
1001597,1-3G2E-808,,,,,
1001598,1-3FZS-830,,,,,
1001599,1-3FZS-831,,,,,
1001600,1-3G2E-1088,,,,,
1001601,1-3FZP-2491,,,,,
1001602,1-3G10-982,,,,,
1001603,1-3G28-809,,,,,
1001604,1-3G38-3928,,,,,
1001605,1-3G1Q-3324,,,,,
1001606,1-3G2F-4332,,,,,
1001607,1-3G0Y-4297,,,,,
1001608,1-3G19-4216,,,,,
1001609,1-3FZK-4049,,,,,
1001610,1-3G2V-966,,,,,
1001611,1-3G0B-2429,,,,,
1001612,1-3G18-4159,,,,,
1001613,1-3G0K-2909,,,,,
1001614,1-3G12-3842,,,,,
1001615,1-3G22-4134,,,,,
1001616,1-3G1E-4282,,,,,
1001617,1-3G2M-4298,,,,,
1001618,1-3FZS-1061,,,,,
1001619,1-3G0W-4311,,,,,
1001620,1-3G27-3470,,,,,
1001621,1-3G0O-1127,,,,,
1001622,1-3G2I-3941,,,,,
1001623,1-3FZP-2619,,,,,
1001624,1-3G20-394,,,,,
1001625,1-3G0Y-433,,,,,
1001626,1-3G2M-434,,,,,
1001627,1-3G0W-464,,,,,
1001628,1-3G1Q-363,,,,,
1001629,1-3G2M-435,,,,,
1001630,1-3G2M-5350,,,,,
1001631,1-3FZP-753,,,,,
1001632,1-3G0L-2904,,,,,
1001633,1-3G0V-3054,,,,,
1001634,1-3FZS-2972,,,,,
1001635,1-3G21-3186,,,,,
1001636,1-3FZX-3226,,,,,
1001637,1-3FZX-3227,,,,,
1001638,1-3G0G-2906,,,,,
1001639,1-3G0T-3105,,,,,
1001640,1-3G35-4456,,,,,
1001641,1-3FZS-2836,,,,,
1001642,1-3G30-3128,,,,,
1001643,1-3G10-2957,,,,,
1001644,1-3G28-2933,,,,,
1001645,1-3FZS-2837,,,,,
1001646,1-3G2G-2915,,,,,
1001647,1-3G1A-2928,,,,,
1001648,1-3G1T-3038,,,,,
1001649,1-3G2L-3670,,,,,
1001650,1-3G2S-1418,,,,,
1001651,1-3G0X-1456,,,,,
1001652,1-3G2T-1108,,,,,
1001653,1-3G1Q-1146,,,,,
1001654,1-3G20-1474,,,,,
1001655,1-3G0W-1560,,,,,
1001656,1-3G35-1082,,,,,
1001657,1-3G0M-1440,,,,,
1001658,1-3G0W-1561,,,,,
1001659,1-3G2G-2825,,,,,
1001660,1-3G1N-2940,,,,,
1001661,1-3FZJ-3862,,,,,
1001662,1-3G0F-2890,,,,,
1001663,1-3G30-3032,,,,,
1001664,1-3G04-2895,,,,,
1001665,1-3G1A-2811,,,,,
1001666,1-3FZJ-3863,,,,,
1001667,1-3G1M-2821,,,,,
1001668,1-3G1T-2846,,,,,
1001669,1-3G12-5158,,,,,
1001670,1-3FZJ-3782,,,,,
1001671,1-3G0Y-5330,,,,,
1001672,1-3G0Y-5331,,,,,
1001673,1-3G2U-2945,,,,,
1001674,1-3G0K-4519,,,,,
1001675,1-3G2U-2946,,,,,
1001676,1-3FZZ-4694,,,,,
1001677,1-3G0O-3023,,,,,
1001678,1-3G0F-3053,,,,,
1001679,1-3G05-3712,,,,,
1001680,1-3G0T-3055,,,,,
1001681,1-3G36-3069,,,,,
1001682,1-3FZS-2787,,,,,
1001683,1-3G01-1963,,,,,
1001684,1-3FZW-5453,,,,,
1001685,1-3FZW-5447,,,,,
1001686,1-3G0Y-5396,,,,,
1001687,1-3G0B-4026,,,,,
1001688,1-3G0K-4456,,,,,
1001689,1-3G34-3664,,,,,
1001690,1-3G30-2877,,,,,
1001691,1-3G0M-5406,,,,,
1001692,1-3G0K-4415,,,,,
1001693,1-3G2M-5312,,,,,
1001694,1-3G2V-2977,,,,,
1001695,1-3G2T-4691,,,,,
1001696,1-3FZ7-3160,,,,,
1001697,1-3G2T-4692,,,,,
1001698,1-3G0W-5345,,,,,
1001699,1-3G0G-2969,,,,,
1001700,1-3G05-3850,,,,,
1001701,1-3G2T-4643,,,,,
1001702,1-3G1E-5341,,,,,
1001703,1-3G1E-1394,,,,,
1001704,1-3FZF-491,,,,,
1001705,1-3G2Z-506,,,,,
1001706,1-3G0X-1388,,,,,
1001707,1-3G2T-1048,,,,,
1001708,1-3FZ4-1379,,,,,
1001709,1-3G0O-1762,,,,,
1001710,1-3FZF-287,,,,,
1001711,1-3FZS-1684,,,,,
1001712,1-3G2T-3624,,,,,
1001713,1-3G1A-1694,,,,,
1001714,1-3G1A-1695,,,,,
1001715,1-3G0T-1699,,,,,
1001716,1-3G0T-1700,,,,,
1001717,1-3G2G-1691,,,,,
1001718,1-3G20-4518,,,,,
1001719,1-3G01-948,,,,,
1001720,1-3G1C-1579,,,,,
1001721,1-3G0O-1592,,,,,
1001722,1-3G28-1554,,,,,
1001723,1-3G0G-1404,,,,,
1001724,1-3G30-1687,,,,,
1001725,1-3G2U-1743,,,,,
1001726,1-3FZD-1438,,,,,
1001727,1-3G1B-1733,,,,,
1001728,1-3G1N-1638,,,,,
1001729,1-3G0E-824,,,,,
1001730,1-3G2S-772,,,,,
1001731,1-3G12-710,,,,,
1001732,1-3G1U-800,,,,,
1001733,1-3G0B-319,,,,,
1001734,1-3G12-711,,,,,
1001735,1-3G0E-825,,,,,
1001736,1-3G1U-801,,,,,
1001737,1-3G2W-479,,,,,
1001738,1-3G0T-1475,,,,,
1001739,1-3G2L-2370,,,,,
1001740,1-3G0F-1527,,,,,
1001741,1-3G36-1548,,,,,
1001742,1-3G28-1450,,,,,
1001743,1-3G2L-2371,,,,,
1001744,1-3G0F-1528,,,,,
1001745,1-3FZR-2164,,,,,
1001746,1-3G0B-3129,,,,,
1001747,1-3FZK-4517,,,,,
1001748,1-3G24-1518,,,,,
1001749,1-3G0X-4632,,,,,
1001750,1-3G1A-1362,,,,,
1001751,1-3FZ4-4691,,,,,
1001752,1-3G0K-3520,,,,,
1001753,1-3G0F-1430,,,,,
1001754,1-3G28-1381,,,,,
1001755,1-3FZA-3664,,,,,
1001756,1-3G0V-1632,,,,,
1001757,1-3G2H-2522,,,,,
1001758,1-3G2Z-2471,,,,,
1001759,1-3G05-2608,,,,,
1001760,1-3FZP-3038,,,,,
1001761,1-3G04-1504,,,,,
1001762,1-3G0E-4692,,,,,
1001763,1-3G0E-4693,,,,,
1001764,1-3G38-4309,,,,,
1001765,1-3G0M-4757,,,,,
1001766,1-3G1B-1466,,,,,
1001767,1-3G2U-1433,,,,,
1001768,1-3G34-2422,,,,,
1001769,1-3G23-2406,,,,,
1001770,1-3G2M-4551,,,,,
1001771,1-3FZK-4395,,,,,
1001772,1-3G2U-1419,,,,,
1001773,1-3G18-4561,,,,,
1001774,1-3G1O-4624,,,,,
1001775,1-3G22-4654,,,,,
1001776,1-3FZX-2040,,,,,
1001777,1-3G2I-4406,,,,,
1001778,1-3G38-4249,,,,,
1001779,1-3FZS-1734,,,,,
1001780,1-3G1P-4577,,,,,
1001781,1-3G05-2731,,,,,
1001782,1-3G0E-750,,,,,
1001783,1-3FZ4-771,,,,,
1001784,1-3G1E-776,,,,,
1001785,1-3G1U-714,,,,,
1001786,1-3G1P-735,,,,,
1001787,1-3G18-759,,,,,
1001788,1-3G01-520,,,,,
1001789,1-3G1Q-338,,,,,
1001790,1-3G20-4188,,,,,
1001791,1-3G27-3429,,,,,
1001792,1-3G2Z-1943,,,,,
1001793,1-3FZS-958,,,,,
1001794,1-3G27-3430,,,,,
1001795,1-3G27-3431,,,,,
1001796,1-3G38-3791,,,,,
1001797,1-3G2I-3904,,,,,
1001798,1-3FZ7-976,,,,,
1001799,1-3G2E-1050,,,,,
1001800,1-3G28-886,,,,,
1001801,1-3G2E-1051,,,,,
1001802,1-3G05-1984,,,,,
1001803,1-3FZX-1164,,,,,
1001804,1-3G1C-862,,,,,
1001805,1-3G0G-759,,,,,
1001806,1-3FZ7-817,,,,,
1001807,1-3G2V-1226,,,,,
1001808,1-3G23-78,,,,,
1001809,1-3FZA-304,,,,,
1001810,1-3FZR-45,,,,,
1001811,1-3G0K-279,,,,,
1001812,1-3G19-515,,,,,
1001813,1-3G2W-271,,,,,
1001814,1-3G0Y-548,,,,,
1001815,1-3FZZ-309,,,,,
1001816,1-3FZR-46,,,,,
1001817,1-3FZR-1532,,,,,
1001818,1-3G1C-752,,,,,
1001819,1-3G0K-3157,,,,,
1001820,1-3G1T-906,,,,,
1001821,1-3FZD-687,,,,,
1001822,1-3G1N-823,,,,,
1001823,1-3G04-779,,,,,
1001824,1-3G1C-753,,,,,
1001825,1-3G04-780,,,,,
1001826,1-3G09-3794,,,,,
1001827,1-3G2G-726,,,,,
1001828,1-3G0X-4293,,,,,
1001829,1-3G2W-3014,,,,,
1001830,1-3FZK-4125,,,,,
1001831,1-3G2E-872,,,,,
1001832,1-3G1A-690,,,,,
1001833,1-3G30-794,,,,,
1001834,1-3G24-809,,,,,
1001835,1-3FZD-846,,,,,
1001836,1-3G1G-818,,,,,
1001837,1-3G10-1011,,,,,
1001838,1-3G05-2055,,,,,
1001839,1-3G35-2953,,,,,
1001840,1-3G0V-736,,,,,
1001841,1-3G2M-4361,,,,,
1001842,1-3G0X-4337,,,,,
1001843,1-3G2I-4013,,,,,
1001844,1-3FZ7-1096,,,,,
1001845,1-3FZR-1351,,,,,
1001846,1-3G0X-4180,,,,,
1001847,1-3G0K-2943,,,,,
1001848,1-3G1T-711,,,,,
1001849,1-3FZZ-3217,,,,,
1001850,1-3G2M-4193,,,,,
1001851,1-3G0M-4237,,,,,
1001852,1-3G12-3858,,,,,
1001853,1-3G0V-1072,,,,,
1001854,1-3FZW-4268,,,,,
1001855,1-3G0O-1178,,,,,
1001856,1-3G19-4290,,,,,
1001857,1-3FZD-967,,,,,
1001858,1-3G1O-4204,,,,,
1001859,1-3G0O-1142,,,,,
1001860,1-3G0L-997,,,,,
1001861,1-3G35-374,,,,,
1001862,1-3G22-424,,,,,
1001863,1-3G2H-277,,,,,
1001864,1-3G18-444,,,,,
1001865,1-3G2S-413,,,,,
1001866,1-3G0X-439,,,,,
1001867,1-3FZ7-3096,,,,,
1001868,1-3FZX-221,,,,,
1001869,1-3G05-3772,,,,,
1001870,1-3G0G-2909,,,,,
1001871,1-3G1A-3052,,,,,
1001872,1-3G0V-3060,,,,,
1001873,1-3G01-1788,,,,,
1001874,1-3G0O-3089,,,,,
1001875,1-3FZP-4153,,,,,
1001876,1-3G0T-3108,,,,,
1001877,1-3G0V-3061,,,,,
1001878,1-3G1B-3129,,,,,
1001879,1-3G0T-2988,,,,,
1001880,1-3FZD-2859,,,,,
1001881,1-3G2U-3137,,,,,
1001882,1-3G2V-3241,,,,,
1001883,1-3G28-2935,,,,,
1001884,1-3G36-2978,,,,,
1001885,1-3G2U-3138,,,,,
1001886,1-3G0O-2945,,,,,
1001887,1-3G2W-851,,,,,
1001888,1-3FZ4-1452,,,,,
1001889,1-3G0E-1470,,,,,
1001890,1-3G2F-1579,,,,,
1001891,1-3G09-1244,,,,,
1001892,1-3G1Q-1149,,,,,
1001893,1-3G35-1087,,,,,
1001894,1-3G1U-1445,,,,,
1001895,1-3G0K-909,,,,,
1001896,1-3G24-2896,,,,,
1001897,1-3G04-2899,,,,,
1001898,1-3G2E-3014,,,,,
1001899,1-3FZJ-3864,,,,,
1001900,1-3G34-3822,,,,,
1001901,1-3G36-2878,,,,,
1001902,1-3G0K-4619,,,,,
1001903,1-3FZZ-4799,,,,,
1001904,1-3G2E-3015,,,,,
1001905,1-3G1N-2867,,,,,
1001906,1-3G0B-4077,,,,,
1001907,1-3G0B-4078,,,,,
1001908,1-3G0X-5317,,,,,
1001909,1-3G2E-2920,,,,,
1001910,1-3G30-2951,,,,,
1001911,1-3G1B-2935,,,,,
1001912,1-3G09-5127,,,,,
1001913,1-3G1B-2936,,,,,
1001914,1-3FZD-2926,,,,,
1001915,1-3G0F-3054,,,,,
1001916,1-3G1A-2994,,,,,
1001917,1-3G2E-3194,,,,,
1001918,1-3G1T-3120,,,,,
1001919,1-3G2U-3096,,,,,
1001920,1-3G19-5357,,,,,
1001921,1-3G0O-3279,,,,,
1001922,1-3G0W-5388,,,,,
1001923,1-3G2Z-3860,,,,,
1001924,1-3G1P-5255,,,,,
1001925,1-3G0K-4457,,,,,
1001926,1-3G30-2879,,,,,
1001927,1-3G36-2757,,,,,
1001928,1-3FZK-5152,,,,,
1001929,1-3G1O-5272,,,,,
1001930,1-3G0M-5408,,,,,
1001931,1-3G34-3623,,,,,
1001932,1-3G0V-3170,,,,,
1001933,1-3FZW-5414,,,,,
1001934,1-3G0L-3030,,,,,
1001935,1-3G0O-3224,,,,,
1001936,1-3G2I-5192,,,,,
1001937,1-3G1Q-4565,,,,,
1001938,1-3G38-5058,,,,,
1001939,1-3G2F-5272,,,,,
1001940,1-3G2F-1494,,,,,
1001941,1-3G2H-582,,,,,
1001942,1-3G20-1408,,,,,
1001943,1-3G0Y-1428,,,,,
1001944,1-3G20-1409,,,,,
1001945,1-3G2Z-510,,,,,
1001946,1-3FZF-1786,,,,,
1001947,1-3G0X-384,,,,,
1001948,1-3G05-2120,,,,,
1001949,1-3FZP-2547,,,,,
1001950,1-3G0L-916,,,,,
1001951,1-3G38-3763,,,,,
1001952,1-3FZS-926,,,,,
1001953,1-3G10-1064,,,,,
1001954,1-3G0V-916,,,,,
1001955,1-3G01-455,,,,,
1001956,1-3G0L-917,,,,,
1001957,1-3G2U-990,,,,,
1001958,1-3G2L-1802,,,,,
1001959,1-3G0T-857,,,,,
1001960,1-3G1N-891,,,,,
1001961,1-3G1G-751,,,,,
1001962,1-3G1G-752,,,,,
1001963,1-3G1M-780,,,,,
1001964,1-3G0G-733,,,,,
1001965,1-3G2G-894,,,,,
1001966,1-3G1P-489,,,,,
1001967,1-3G19-495,,,,,
1001968,1-3G38-480,,,,,
1001969,1-3FZZ-283,,,,,
1001970,1-3G27-453,,,,,
1001971,1-3G0B-152,,,,,
1001972,1-3G2I-461,,,,,
1001973,1-3G0X-493,,,,,
1001974,1-3G0W-545,,,,,
1001975,1-3G2G-792,,,,,
1001976,1-3G21-792,,,,,
1001977,1-3G1G-659,,,,,
1001978,1-3G23-1952,,,,,
1001979,1-3G2L-1710,,,,,
1001980,1-3G2V-1091,,,,,
1001981,1-3G0T-751,,,,,
1001982,1-3G1M-677,,,,,
1001983,1-3G2L-1711,,,,,
1001984,1-3G10-727,,,,,
1001985,1-3G2E-824,,,,,
1001986,1-3G18-4270,,,,,
1001987,1-3G34-1871,,,,,
1001988,1-3FZZ-3312,,,,,
1001989,1-3G36-724,,,,,
1001990,1-3G2V-1010,,,,,
1001991,1-3G30-766,,,,,
1001992,1-3FZA-3144,,,,,
1001993,1-3G2G-955,,,,,
1001994,1-3G1B-1077,,,,,
1001995,1-3G1N-956,,,,,
1001996,1-3FZS-839,,,,,
1001997,1-3G1A-924,,,,,
1001998,1-3G0F-826,,,,,
1001999,1-3G27-3552,,,,,
